<Objs Version="1.1.0.1" xmlns="http://schemas.microsoft.com/powershell/2004/04">
  <Obj RefId="0">
    <TN RefId="0">
      <T>Microsoft.PowerShell.Commands.PSRepositoryItemInfo</T>
      <T>System.Management.Automation.PSCustomObject</T>
      <T>System.Object</T>
    </TN>
    <MS>
      <S N="Name">GuestConfiguration</S>
      <Version N="Version">1.18.0.0</Version>
      <S N="Type">Module</S>
      <S N="Description">[PREVIEW] The Guest Configuration module is an experimental tool to assist content authoring for Azure Guest Configuration. The cmdlets will help build and publish a content package, wich can then be used in cross-platform configuration management solutions.</S>
      <S N="Author">Azure Guest Configuration</S>
      <Obj N="CompanyName" RefId="1">
        <TN RefId="1">
          <T>System.Object[]</T>
          <T>System.Array</T>
          <T>System.Object</T>
        </TN>
        <LST>
          <S>PowerShellTeam</S>
          <S>migreene</S>
        </LST>
      </Obj>
      <S N="Copyright">(c) 2019 Microsoft Corporation. All rights reserved.</S>
      <DT N="PublishedDate">2019-10-15T22:46:02-07:00</DT>
      <Obj N="InstalledDate" RefId="2">
        <DT>2019-11-08T06:12:10.9645414-08:00</DT>
        <MS>
          <Obj N="DisplayHint" RefId="3">
            <TN RefId="2">
              <T>Microsoft.PowerShell.Commands.DisplayHintType</T>
              <T>System.Enum</T>
              <T>System.ValueType</T>
              <T>System.Object</T>
            </TN>
            <ToString>DateTime</ToString>
            <I32>2</I32>
          </Obj>
        </MS>
      </Obj>
      <Nil N="UpdatedDate" />
      <URI N="LicenseUri">https://github.com/PowerShell/GuestConfiguration/blob/master/LICENSE</URI>
      <URI N="ProjectUri">https://github.com/PowerShell/GuestConfiguration</URI>
      <URI N="IconUri">https://github.com/PowerShell/GuestConfiguration/GuestConfigXS.png</URI>
      <Obj N="Tags" RefId="4">
        <TNRef RefId="1" />
        <LST>
          <S>GuestConfiguration</S>
          <S>Azure</S>
          <S>DSC</S>
          <S>PSModule</S>
        </LST>
      </Obj>
      <Obj N="Includes" RefId="5">
        <TN RefId="3">
          <T>System.Collections.Hashtable</T>
          <T>System.Object</T>
        </TN>
        <DCT>
          <En>
            <S N="Key">RoleCapability</S>
            <Obj N="Value" RefId="6">
              <TNRef RefId="1" />
              <LST />
            </Obj>
          </En>
          <En>
            <S N="Key">Cmdlet</S>
            <Ref N="Value" RefId="6" />
          </En>
          <En>
            <S N="Key">Command</S>
            <Obj N="Value" RefId="7">
              <TNRef RefId="1" />
              <LST>
                <S>New-GuestConfigurationPackage</S>
                <S>Test-GuestConfigurationPackage</S>
                <S>Protect-GuestConfigurationPackage</S>
                <S>New-GuestConfigurationPolicy</S>
                <S>Publish-GuestConfigurationPolicy</S>
              </LST>
            </Obj>
          </En>
          <En>
            <S N="Key">Function</S>
            <Obj N="Value" RefId="8">
              <TNRef RefId="1" />
              <LST>
                <S>New-GuestConfigurationPackage</S>
                <S>Test-GuestConfigurationPackage</S>
                <S>Protect-GuestConfigurationPackage</S>
                <S>New-GuestConfigurationPolicy</S>
                <S>Publish-GuestConfigurationPolicy</S>
              </LST>
            </Obj>
          </En>
          <En>
            <S N="Key">DscResource</S>
            <Obj N="Value" RefId="9">
              <TNRef RefId="1" />
              <LST>
                <S>ChefInSpecResource</S>
              </LST>
            </Obj>
          </En>
          <En>
            <S N="Key">Workflow</S>
            <Ref N="Value" RefId="6" />
          </En>
        </DCT>
      </Obj>
      <Nil N="PowerShellGetFormatVersion" />
      <S N="ReleaseNotes">https://github.com/PowerShell/GuestConfiguration/changelog.md</S>
      <Obj N="Dependencies" RefId="10">
        <TNRef RefId="1" />
        <LST>
          <Obj RefId="11">
            <TN RefId="4">
              <T>System.Collections.Specialized.OrderedDictionary</T>
              <T>System.Object</T>
            </TN>
            <DCT>
              <En>
                <S N="Key">Name</S>
                <S N="Value">Az.Accounts</S>
              </En>
              <En>
                <S N="Key">CanonicalId</S>
                <S N="Value">nuget:Az.Accounts</S>
              </En>
            </DCT>
          </Obj>
          <Obj RefId="12">
            <TNRef RefId="4" />
            <DCT>
              <En>
                <S N="Key">Name</S>
                <S N="Value">Az.Resources</S>
              </En>
              <En>
                <S N="Key">CanonicalId</S>
                <S N="Value">nuget:Az.Resources</S>
              </En>
            </DCT>
          </Obj>
        </LST>
      </Obj>
      <S N="RepositorySourceLocation">https://www.powershellgallery.com/api/v2</S>
      <S N="Repository">PSGallery</S>
      <S N="PackageManagementProvider">NuGet</S>
      <Obj N="AdditionalMetadata" RefId="13">
        <TN RefId="5">
          <T>System.Management.Automation.PSCustomObject</T>
          <T>System.Object</T>
        </TN>
        <MS>
          <S N="copyright">(c) 2019 Microsoft Corporation. All rights reserved.</S>
          <S N="description">[PREVIEW] The Guest Configuration module is an experimental tool to assist content authoring for Azure Guest Configuration. The cmdlets will help build and publish a content package, wich can then be used in cross-platform configuration management solutions.</S>
          <S N="requireLicenseAcceptance">False</S>
          <S N="releaseNotes">https://github.com/PowerShell/GuestConfiguration/changelog.md</S>
          <S N="isLatestVersion">True</S>
          <S N="isAbsoluteLatestVersion">True</S>
          <S N="versionDownloadCount">198</S>
          <S N="downloadCount">1519</S>
          <S N="packageSize">83393879</S>
          <S N="published">10/15/2019 10:46:02 PM -07:00</S>
          <S N="created">10/15/2019 10:46:02 PM -07:00</S>
          <S N="lastUpdated">11/8/2019 11:47:00 AM -08:00</S>
          <S N="tags">GuestConfiguration Azure DSC PSModule PSFunction_New-GuestConfigurationPackage PSCommand_New-GuestConfigurationPackage PSFunction_Test-GuestConfigurationPackage PSCommand_Test-GuestConfigurationPackage PSFunction_Protect-GuestConfigurationPackage PSCommand_Protect-GuestConfigurationPackage PSFunction_New-GuestConfigurationPolicy PSCommand_New-GuestConfigurationPolicy PSFunction_Publish-GuestConfigurationPolicy PSCommand_Publish-GuestConfigurationPolicy PSIncludes_Function PSDscResource_ChefInSpecResource PSIncludes_DscResource</S>
          <S N="developmentDependency">False</S>
          <S N="updated">2019-11-08T11:47:00Z</S>
          <S N="NormalizedVersion">1.18.0</S>
          <S N="Authors">Azure Guest Configuration</S>
          <S N="IsPrerelease">false</S>
          <S N="ItemType">Module</S>
          <S N="FileList">GuestConfiguration.nuspec|LICENSE|GuestConfiguration.psm1|GuestConfiguration.psd1|helpers\GuestConfigPath.psm1|helpers\GuestConfigurationPolicy.psm1|helpers\DscOperations.psm1|bin\DSC_Windows.zip|bin\DSC_Linux.zip|DscResources\MSFT_ChefInSpecResource\install_inspec.sh|DscResources\MSFT_ChefInSpecResource\MSFT_ChefInSpecResource.schema.mof|DscResources\MSFT_ChefInSpecResource\libMSFT_ChefInSpecResource.so</S>
          <S N="GUID">164465d5-6575-4e7f-b80b-680e4198354e</S>
          <S N="PowerShellVersion">5.1</S>
          <S N="CompanyName">MicrosoftCorporation</S>
        </MS>
      </Obj>
      <S N="InstalledLocation">C:\Users\Vagrant\Documents\PowerShell\Modules\GuestConfiguration\1.18.0.0</S>
    </MS>
  </Obj>
</Objs>
